size,bedrooms,age,location_score,price
1649.0142459033698,4,10,9.429838168160424,404660.0896711483
1458.5207096486447,1,18,4.223845221843058,262454.59296089166
1694.3065614302077,3,4,3.773136614063236,432318.2854656142
1956.9089569224075,5,18,9.363211539691568,473686.2373280704
1429.7539875829991,3,10,6.751400611496681,348109.80137658626
1429.758912915246,3,23,1.1602268134816929,314569.27170169866
1973.7638446522174,1,11,0.42291749222681196,378750.87733464746
1730.2304187458726,1,9,5.646290509972632,373386.61854081124
1359.1576842195143,1,7,9.301709654384245,291453.6468402288
1662.7680130757894,2,23,8.442487024058185,348107.0687897451
1360.9746921562614,4,27,6.758477464643365,313200.52576385386
1360.281073928923,2,27,1.3911584889108752,225206.31388768996
1572.5886814698101,4,8,2.542313837486956,342503.5145678352
926.0159266026607,4,3,8.755112265526162,245920.06744940853
982.5246502460901,3,4,1.8280723665690046,232487.13679446996
1331.3137412277083,3,20,2.7843940825043454,291678.74389137037
1196.150663899673,4,7,1.2960065119544195,290053.22142723575
1594.2741997785822,4,22,6.761082314144112,379636.58442200004
1227.5927773436367,2,8,9.439823053632097,328160.0076683353
1076.3088895994126,2,14,2.6896803159538596,239855.08857331995
1939.6946306764662,3,14,4.754066078500737,458455.97450568527
1432.2671098540393,1,15,6.343397397112042,308060.45938166167
1520.2584614063771,4,13,9.994662482156308,371058.58160704596
1072.575544135963,2,7,1.0480806499757211,241401.659344272
1336.6851826424452,3,17,4.9857079950570915,292437.35300392273
1533.2767769129598,2,9,3.8512011990250006,369462.65595321794
1154.7019267733092,4,27,8.658201652223552,296351.0630784838
1612.7094055037016,4,19,4.759677310116559,372845.8305353134
1319.8083930243586,5,5,1.109775245851481,314638.94171495613
1412.491875062017,1,11,6.344241452865837,299570.03884843533
1319.488016331181,5,1,7.707806182638798,364963.1342707854
2055.6834553526814,3,6,0.028812516656145926,409738.8046168778
1495.9508325786198,2,15,8.589566854206295,370325.2714555759
1182.68672131323,3,2,1.8602300000566563,269285.7601552218
1746.7634736309567,4,12,5.520693646533779,405058.2976236748
1133.7469050086934,5,2,4.157975006874501,276347.23451224546
1562.6590785014266,5,26,7.196538166105304,373974.2317931963
912.0989628360674,5,17,3.711616147857418,216403.041049734
1101.5441853304708,3,10,8.697631766817107,291781.5717062817
1559.058370760737,4,7,7.304963609587903,392984.3615796347
1721.539973998623,2,5,6.477131710629215,376241.01108109986
1551.4104843569912,2,0,7.962405955628543,347623.54423126107
1465.305515283528,3,27,7.5402303492838225,350900.2531340156
1409.6688913232133,5,0,0.3593867492155334,329884.73133013863
1056.4434028897717,1,22,3.9473435384482816,212522.37459110853
1284.0467374815873,3,7,9.308072973164897,332559.00285507675
1361.8083687120638,3,4,1.2572426899222622,277573.88459405967
1817.1366678656748,4,27,7.3709655043205125,409035.48383113527
1603.0854868705385,2,15,9.745918113353296,368829.21866396687
971.0879533911798,3,10,0.5219862904497163,198956.9081763967
1597.2251908184385,3,4,6.821938806266105,354424.0124982636
1384.475315875105,5,3,4.681541413010304,357920.48119921796
1296.9233999082123,5,29,5.791752553747221,317397.68291427614
1683.5028866522603,1,5,0.8534133648432485,347039.45450252434
1809.2998567487853,4,13,0.4300695186693948,355821.0121061103
1779.3840357348595,1,21,6.668666605509217,346573.48383102333
1248.2347430332084,5,18,8.23309429820718,305169.94591119647
1407.2362872446356,2,8,7.820153349329672,359840.4190187905
1599.3790294210692,5,11,5.438057278662374,375631.0790355482
1792.6635381367078,4,10,0.9986682113617817,379154.6702281865
1356.247728646413,5,13,6.880444438360138,302682.071927561
1444.3023070008549,4,22,2.4188888355414595,294821.2097756761
1168.0995077981916,4,15,9.110687027673837,272014.6096181909
1141.1380127757989,4,0,8.382653595457048,290077.273913989
1743.7577467182593,4,12,7.093829670873909,408619.71130119625
1906.8720085712469,4,22,9.488459558311304,427793.41539358237
1478.3969635258998,2,20,0.3142182151127293,321240.37283417047
1801.0598693676072,1,20,7.36200425060762,398582.06258070905
1608.4908075142903,3,29,3.3024277933640533,312532.62171347154
1306.4640736184626,1,12,9.060658856863652,280259.7521732005
1608.4186816525241,4,1,2.666751966619776,401170.3348768875
1961.410969939791,2,3,7.24856499315017,477225.8687433787
1489.2521882670146,5,27,8.776470196507814,307347.82376503135
1969.3930967442018,2,5,0.41656818382682426,410318.61274740857
714.0764687730767,4,25,3.9764757959203614,160160.10657628262
1746.5707513125672,2,26,7.6230903202193865,381412.0046648091
1526.1141204714513,2,22,4.54918889507587,353822.1310528997
1410.2977948602397,4,26,2.672526297935953,286741.0500751717
1527.5282329606507,2,4,2.1980534882319,289281.94374001137
903.7293256197322,3,24,1.3151826691637791,192901.93247275063
1434.0984336487463,3,2,8.571295598562823,384475.4460946474
1607.1337714535239,2,0,5.753554032515559,364119.3288228871
1943.3682134224548,5,3,0.7638494499145598,423892.1403312705
1344.5189345179058,4,24,3.8258032357063545,283287.61497455894
1257.4519191320437,3,19,3.677336508051099,288381.17370928894
1349.472886924639,5,1,1.8173919070946298,318392.31809470133
1774.6206353106222,2,25,4.355076254721907,365774.7143425909
1598.6253328979053,5,29,3.3209936539313647,343386.0931640367
1341.0719388698883,1,29,3.4180370549218253,250296.98080013145
1653.9802299340067,3,4,7.390265577879587,405773.2204112439
1529.1232648044122,2,2,2.2326338550519633,324416.2242388584
1790.5934971598667,4,28,6.418599588553554,379599.9661710955
1289.3840718367942,2,27,5.706496238809349,281861.3525614006
1401.7013560206694,4,28,5.680925123378673,287006.39033765416
1382.3675540603526,2,8,6.630073461417759,300019.47430271277
1060.9455155603644,5,19,5.483820361956539,235901.9190949837
1588.836083119373,5,5,8.792551148463847,421210.19063172484
1578.3165816539668,5,17,6.755800919502598,371837.58156668104
1501.5340369927383,1,5,5.469632513713881,303882.66704553575
1429.623859987456,4,18,8.297631202876449,357489.0992580548
1075.3887773848758,5,27,6.061465649334798,243774.24049214038
1373.8064031703923,1,11,2.9114424778517902,265384.93144659966
1397.185645041969,4,24,2.0709491817657124,289878.30373968335
1259.3168192335143,2,10,1.523277856626788,294054.22531919467
1451.6142865001973,1,1,8.994552125461016,335896.3739974131
1621.2152570443616,3,14,7.101354317980658,380256.6002810873
2065.855770363159,1,11,9.373784381643208,468081.6763898669
1552.3733438495517,1,11,6.0329180571494305,343004.7250157856
1577.2651172168294,4,8,4.734008814949125,392544.50051159674
1477.6662252701499,2,20,0.5971648897088933,274376.74940992886
924.3686354102875,3,23,6.716422815460298,193089.14429835227
1492.045837365235,5,1,5.822087597682311,354760.27234095865
1518.069062982308,5,21,9.902088935876215,368734.8889698468
2238.972633745586,1,2,2.3915877778224304,447811.53248141875
1442.2917105656632,4,11,5.307373552868358,341446.028114781
1590.4642027000837,4,27,6.509573351180727,351680.4756904182
1489.586469088427,5,29,6.445911747423436,357018.31861852336
1149.3965887141403,3,25,5.612935429484027,256266.88105496898
1842.8468443545062,2,15,7.769280103272255,396592.73227003356
1725.5799098060322,3,20,2.049812095268164,363582.0265262009
1737.309584112914,2,27,7.256272002744159,342639.39643834485
1227.1837635615784,5,23,6.197345714330892,291160.66752348375
1920.8382932808297,2,25,8.960751117945733,417859.4389178062
1079.4446811623156,4,29,8.471944390335818,257335.01014714476
1676.0571281400812,1,0,3.1514703913255326,369270.0794833636
2157.1366877429937,1,20,2.7623732497515308,412358.2834831006
1202.8391024607936,5,2,9.816533238524478,359691.1147409714
1330.1106811191685,4,19,5.272651809152565,340328.77425751067
1529.8954095262923,3,1,9.064209639144368,347746.6072038084
1348.9573037651403,4,8,1.638810237804822,281673.5520229672
1034.8009706801602,1,18,6.428189148001743,222962.80003652847
1520.5688924418082,1,14,8.098601873605862,328475.76824533346
1181.3088858821684,4,17,9.473952495864468,336059.7877712117
1642.0777291905545,4,25,3.373401410170235,352178.2393574513
1224.172729729859,1,10,7.249811699240524,303934.5095166936
1964.9803215052618,3,24,5.38813009039619,372954.2370239613
1265.0240122991288,5,22,0.6062892606646819,289319.6384297962
1403.3815451382973,5,15,6.899997373089434,328365.9595079402
1744.055165210901,4,21,6.900965582378435,377185.00956167915
1130.7407050698134,5,16,9.30606804846537,293711.32072804705
1568.237980381239,1,4,4.973124461689724,314021.54559007456
1892.1428262847285,1,11,2.302509207105147,392296.82179890847
1017.7550296316317,4,10,0.4456382344867915,234593.4964330962
1555.3901575596913,4,29,4.156421866859057,333683.9858099789
1577.964838274527,4,14,3.019167000775018,367429.4231014386
1734.5468615331931,3,26,7.610883060238756,406259.4285317155
1128.9147867365755,5,2,3.542677648410466,283222.1246076165
1103.863016074717,4,0,9.490711963148438,317773.1758254151
1656.5824696850693,2,19,9.623102029877842,376791.76825310267
1589.095401969956,2,28,6.209085902177081,334416.80003145535
1575.147855103763,1,15,9.28660287014883,356814.5386608164
1603.9344628490926,5,1,7.6085434451449565,439139.6766868401
1295.9925835264528,4,1,5.468596409751262,315847.96138426097
1569.676109148301,2,2,1.8030793542277812,309435.9005367255
1587.9217419896045,5,7,4.5859794351384,366056.77020129515
1285.6945745920896,1,23,5.608744633626176,275827.9767572569
2059.732353343427,3,27,8.639615807350102,445111.1398783794
1642.1498762735362,5,14,4.813333765356649,372144.65727159055
1142.6089508392054,5,6,8.976746726779567,292875.57843354606
1696.966082590149,3,5,6.743489790234689,400036.3879038139
1207.5954989318036,5,8,1.3699906305367138,299259.1784445205
1736.1253811227357,1,19,9.94981369325093,384591.5857927223
1847.5786737022213,1,27,5.272326607539126,360310.76115504093
1253.7953044944868,3,0,3.9185829640907888,303284.80140530056
1789.0128387732966,4,7,6.591137644695265,423075.115309284
1623.8342780809494,2,22,1.0889331398103907,321005.4599395951
1746.618047998347,4,22,6.365386467533543,364464.44291695475
2069.0378947961844,5,2,4.98236000499273,489665.90599649807
1426.383565199139,2,3,4.066740699985831,312298.48717043304
1273.8791506927532,3,25,9.530200211788992,315739.20331769076
1233.145671112343,3,24,5.225397167320533,269414.49289407674
1255.2569145103685,2,14,2.1911747946993843,277716.84131202847
1476.8694871757687,1,5,4.589634793772986,314786.44366302365
1602.3455924449931,2,14,9.193874045726727,360124.21196540305
1583.0072397990057,5,20,1.7609547133059467,375291.2464514575
1748.1549747108072,1,2,2.139570386882369,376055.5506448834
1503.900567563372,3,24,0.1302956775708375,281141.30125241383
1936.060223147195,2,20,0.1419004939576718,395861.0358716369
1420.6029500286131,4,20,8.293916269585125,324924.07668509084
2316.0507499768855,4,13,7.321226068429558,524830.2430937553
1687.700204329502,5,19,3.5504105645195825,413525.5863056864
1242.8527330751153,4,13,6.983111572275727,275360.4567236406
1178.7322505816664,2,3,3.9520592630997022,267491.1079965011
1644.7417245729555,2,11,9.528967959978274,388258.6175325231
1432.9611644022448,4,16,9.670526814260349,366238.8336450442
1714.2001482276276,2,6,3.927937758093434,348655.0402887752
1641.9712873720634,5,8,8.54221906340868,378389.5474199557
1478.1513262029382,1,2,7.7308904169746615,363099.7043652695
1245.9618845794785,5,27,3.0999993717178933,259784.07663840844
1045.5458325942407,5,12,2.3203982890110595,237465.50780395712
1366.0455143798936,2,14,4.582346503928338,326125.82885106374
1756.9196382970417,1,17,7.813488406144062,376345.4159847651
1564.2281232390612,2,18,9.601677847287455,355378.778437881
1126.2783663864036,3,0,7.635790688665725,289838.63781757874
1551.9542777553545,2,5,8.5520698501837,341171.563467126
1615.595213918651,2,26,6.030643061705165,347786.1970801438
1234.84276913966,2,26,8.35407830842126,277927.95580855076
1546.1175317836585,1,22,7.844208580034176,328818.37576369126
1517.4626155337999,2,26,3.769855419262801,301015.33941754885
1157.108910650813,1,26,5.519903021207211,224174.9042494329
1607.336208104485,4,1,8.047531219896948,418454.56551133003
1668.2353579104704,3,23,0.4605673418995637,328624.04702747
1824.915372952583,1,13,8.0807928235583,394605.81793763035
1816.1406156104708,4,5,1.7788812404902343,415220.3924222208
1086.6991896128727,1,13,5.14683617121439,237733.2373922542
1218.6524880254633,1,3,8.082754395559377,322489.7907336983
1654.510580162598,3,20,2.5382107815669483,308365.8343908883
1654.1357852736626,5,7,2.45807439306153,388615.67778738536
1654.5143058918143,5,29,4.027643984622519,343428.96549203206
2655.819447196416,1,2,8.946427975776345,564054.2986230663
1671.26715320795,2,18,0.004427814372078842,318134.2855925635
1840.6696920541797,4,29,9.013830966419349,410796.6814125679
1786.2005290479606,2,13,1.5380702464160778,367411.8385601407
1695.4173753917394,2,26,9.90086376067482,339241.66956815217
1405.4192266078962,1,19,9.54846993038468,299504.51837994624
1727.6907661479802,1,16,4.946751895912833,361896.3437386894
1268.1524356387285,1,24,5.127202478126281,235727.89050270402
1428.9544179779973,1,7,4.815493402758543,287072.67251506186
1354.390935651269,5,23,6.354436456595226,273027.72326337104
1524.5622418158969,1,13,0.9072170223493103,286684.6645074188
2194.397570002053,5,25,0.32617948341566505,430017.8274384726
939.8204422224755,5,5,0.5770292841589886,213670.5772030889
1705.878057112354,1,22,4.443653492415144,334957.4728189535
1016.1852386431045,3,21,2.755479392194834,203517.86715873712
1358.42044026317,4,15,6.220395623709938,296961.30829399754
1826.6851790902099,2,24,9.92442289374779,356642.3189821164
1519.284005728639,5,18,3.8632317307646593,352219.18590250396
1176.6765666212082,4,13,5.738412541045133,299583.92030563677
1285.4088872220095,3,18,4.156038959073355,272927.0726598812
1703.8793246804028,2,2,8.472716677218594,394823.934393088
1280.890010484859,2,9,9.022364034622381,307846.0325838062
1564.9375768745924,5,18,8.7735561220526,411430.9675174265
1513.671551971144,1,8,9.743722386792577,318098.76645167626
1304.519895718255,3,27,0.2751918514041529,243490.14388322033
2143.183226797598,5,19,8.39816162145531,457687.99418414175
1690.1757066954033,3,12,7.5177217303909325,394870.1191657465
892.4572240027179,1,6,2.2869440940036476,188046.99739480158
1555.9362944308282,1,13,9.563200933875276,353563.1058142635
1301.4640605694835,5,8,1.4817792822994547,308764.1597772155
1755.7300004388671,1,26,6.795499271339084,375937.6615185392
1262.2437784701897,4,27,2.248902168159125,273955.9258262029
1465.5790675599303,2,22,4.313806487740747,318295.00510389154
1651.496183694137,5,24,7.191598969445689,358946.537788117
1759.7265582510365,3,27,5.633246420330467,393474.96105136257
1139.9110778832671,4,18,4.275018313281117,247910.05235327905
1399.6496292477154,5,14,3.2633843093198722,311949.4565436628
1357.5164066517132,1,19,8.396596557087904,300403.11566284206
1304.0012302278865,1,13,1.438143503148137,264529.3288223035
2029.636272084329,1,23,4.301028765298001,381495.2621987062
1621.4945132882867,1,5,9.037575717751421,368521.19541093655
1121.7348136994865,3,20,8.458495504599677,296404.14660028525
1775.358584116433,4,28,4.009417624730467,343752.073716257
2136.64685910379,2,3,7.6310836360130825,510689.17482107796
1809.739578165344,3,7,8.231608307088592,417771.988140182
1044.1890102137959,3,16,8.888874240036298,212527.07657423758
1354.7297781401246,2,29,5.44505769049228,247336.60941082824
1880.073344755987,2,8,2.044608860547118,374968.16249922913
1287.6991603143658,1,0,2.5530907650393164,267826.69987241493
1633.1458284438686,3,23,2.956946740416042,334819.6342183472
1732.390216028801,5,19,5.938024808096155,343598.5646510095
1221.920858526575,2,24,0.3280962412860844,233760.74076129848
1482.14239318146,2,13,6.360424687799683,307628.7919087927
527.6197979792782,4,10,3.64354238428232,176552.1229492884
1192.683707599713,5,20,2.9524180248964216,267895.2972295452
1424.2295545820518,5,2,8.794965707281264,394677.6628874713
1125.6650454105452,2,8,4.600023955807989,278340.1084594348
1989.7233911794906,1,26,0.9505304553269278,395362.79538185714
1070.9575866118103,4,13,8.26746768026247,264700.7208644247
1367.9866539909049,5,29,0.476412574365066,270895.39051557984
1539.2221731858274,2,8,7.267492241681967,347682.42985980894
1932.3819867198347,5,3,7.7390622177066515,483396.4559400787
1069.2413546461682,4,26,3.526026059288582,222264.4958305933
1848.9491256464878,4,3,8.247878562777867,444143.96847138193
1503.0699183058762,3,27,5.156594058564535,321368.8302807869
1205.5474046856148,2,7,4.632936532727968,255676.32507980545
1638.631042278981,4,1,0.45403281468692547,349134.2067626485
1559.717908672041,3,8,2.900291936489059,341279.7637887737
1319.9349368523617,3,28,9.310099708852999,298021.0622137702
1520.9406254970056,5,13,3.918239632835,362957.032863609
1384.405920941472,5,21,5.467005205567683,336153.94171516394
1534.0552035753744,3,8,5.320216789842518,329430.86825285445
1698.639202356314,5,23,5.9043108982269334,368507.69632352615
1975.8050448436056,4,22,0.6133095564328261,385812.5109996232
1128.6553503519453,1,15,3.6217625479872826,259588.8308421539
2139.91001239688,4,28,7.231282738825541,459733.004369453
914.3736601432495,3,29,2.005602510729829,179725.33048719945
1454.464471489325,3,16,2.0357837754636043,308227.3004554533
1676.495161945373,4,15,0.10090606689024728,338990.162449173
1584.2975603205098,5,29,4.374819266082097,376518.99877343304
1313.1901440538218,5,11,8.82734380673422,348495.28094081
1437.5633248928175,3,2,0.5190094358730901,317899.5227534879
1352.0997196023502,2,10,1.9111870949600263,262870.7509722588
1323.1905729167365,5,13,3.1008453834275507,287403.69166736014
1754.8806291063074,4,17,7.317247365642129,395884.21201735677
1607.1046457895143,5,20,6.4063559280258655,359452.87292659556
1292.1271214218036,4,20,4.159439045818551,267873.7326025224
1769.8799626299751,3,4,7.590689392583757,408510.2790974827
1592.1898562629829,5,15,6.096310116569019,372090.9612699239
1743.858635651688,4,19,8.96040799657219,407909.47552240395
1688.8886525770836,3,4,8.18026749138693,392600.6785448661
1251.3014967233782,2,2,2.5281360608920056,259748.96575593506
1331.945687940909,4,11,2.7143857763420023,284002.6487500669
1724.1880815369786,2,0,1.2535647579238562,395364.89468153875
1683.1110796300395,2,20,3.369647257174565,318435.29848464584
1493.7295218107556,1,28,9.995439187190943,323986.7462639313
1535.1982149926346,5,8,4.05751168615061,375718.1280247679
1883.2994687365274,4,28,2.204884346891064,383258.80596504745
1322.528583349251,2,8,7.62482884475553,345986.4420617314
1664.1292143510113,1,3,5.42471003462656,375483.77290388907
1439.3422042698319,3,2,1.4960144952695253,359206.57429640705
1434.695639031834,4,16,3.8068968116086577,308952.3318261126
1829.633055596157,2,1,4.144697155393433,392471.1886983302
1747.624904696409,5,23,7.538297005692186,413267.209141343
1744.0528908001916,1,0,0.20671368891904462,354614.8338582495
1891.6436421462986,2,7,2.690196467983105,434993.0192670156
1506.3011524898277,5,12,5.17596301315522,365974.05323636037
1704.5858913884892,2,22,2.6884674245284335,320468.03100320563
1406.9199730219632,4,14,6.284340474189989,297069.3688044621
1597.2499057465327,4,7,4.818674792746166,371478.58326617203
1460.9570836896946,4,11,3.617102548595806,331994.4668902533
1529.0987894978155,1,21,9.492086268705123,338055.50770925643
1678.5471076310741,4,11,6.321594991864574,415031.20796065574
1254.5337950299581,5,13,1.2994137226794122,309486.09369926725
2127.716182705638,2,14,5.600916974433955,440969.80076656875
1198.1947855500894,3,14,7.80731853200901,261799.16173397447
1135.7434161636804,5,8,7.0848969749279735,275890.74540719454
1847.4332620500204,5,18,1.7208922929525938,386355.07976833946
1737.4988081888807,4,25,9.724199990401033,391286.13062900095
1687.2359451156465,1,19,4.48813645746606,347489.1140897629
1688.503652779284,2,28,1.590250037402613,307632.6288049503
1496.3259681459256,1,21,1.8019575412814792,292382.82075785875
1230.8236885542506,2,7,0.982349921890805,267817.29023748514
1522.7413674581178,2,20,8.035181084349343,337591.0565652881
1296.8514865463665,1,18,1.2203049432184865,225899.3620851118
1792.5359200253254,5,5,1.2512525714174694,416619.98136687157
1455.8827855493585,2,19,8.504716147608377,366825.53042324807
1252.3508409622466,1,24,3.446040844475596,246618.3089530854
1403.584247504102,2,28,0.3085790430807245,201198.2427031986
1623.8794362826873,3,18,0.5189529951841088,355188.24367339606
1330.8826341588076,5,3,1.4217044670389556,304730.09363296855
1253.3338813300707,4,22,2.1339334797568954,313650.6974747125
1573.1061634475736,2,6,6.651461942384054,361205.81142875424
1573.4899713326167,3,27,1.5732628000182824,278370.2943868982
1347.917047388661,4,27,1.18874391177072,233733.17923741075
1358.6885083145032,4,3,7.6471914147627915,376268.47399023216
1569.6149812072908,2,21,6.710552838599144,358093.86015279935
1065.5746975508027,1,11,4.3532422145523615,272901.5282982561
1077.7608676870334,2,12,5.493097714801039,245236.151822883
1284.4667336242692,3,2,3.119840203264185,298361.95007358113
1435.9658544864458,4,21,4.825004202353607,312163.81606588606
1593.2722696794015,2,11,5.066726489827458,334322.28155983315
1942.6068650848656,1,1,3.872372711780959,408534.6454867216
1757.2978869606059,2,23,9.065722106721628,386637.4545722099
1452.0184410109719,5,1,0.16061864981006146,322828.76571300265
1494.2951376291933,1,26,7.821712630912462,275581.80374292127
1199.2411906086572,3,22,1.2438283124132432,246264.91236408122
1494.446059202283,4,8,7.975473605371994,349442.66789344803
1413.4024083239585,2,0,6.159119156767212,268687.32294982637
1596.8155681014268,1,7,8.432780909364023,372078.36598024564
1251.8307169343032,5,22,0.9751432564089746,250080.67890656492
1655.8039542723518,1,5,5.5898063409977405,374845.6116532737
1959.8216739007732,5,5,5.010878802621971,472275.6909235841
1467.3719554629427,3,21,7.061931829633586,332955.8504712131
1620.5135166296825,4,24,5.3429055189367585,404753.58772775024
1707.0431975133338,3,17,5.407345671331042,370184.33085987443
1379.633858434249,2,16,4.295959435760647,287693.7775156813
1567.227744543125,1,28,3.0883442400734085,310560.7185373304
1503.7777202345385,5,11,4.822643612521922,357259.8148672414
1529.3028295646495,5,5,1.1849235876840059,377495.0545992301
1268.09706484336,1,25,9.615133389830849,248818.96176631577
1507.3530522776828,1,26,7.144107636265983,283147.65968757967
1649.3994873736349,2,7,9.524671166878468,402319.44313564367
1935.3430823385124,3,18,2.2672738232996323,378108.7667974286
1787.781247825562,5,27,8.79341020176528,423205.2727027931
2145.954737253467,2,9,8.087899845635384,483530.50360307767
1269.7957311335852,3,0,6.771524124576737,303927.0011290474
1761.6961910162036,2,24,6.250291860852057,374934.10071216966
1555.0026017215055,5,28,3.1654966526786996,310136.1546920098
2156.9408799653015,1,12,8.164107849650307,444210.71671603783
1257.5105143934545,1,16,5.015154614797338,257834.12118443626
1248.0834473457671,3,2,0.7089157589128536,281739.8246451621
1320.1822063667933,4,7,3.1286316085513,303106.828576358
862.8312827070579,3,13,9.352970985453275,238493.43074614016
1342.2734934957716,4,2,8.506802606048463,355758.04003036243
1272.2602015338907,2,15,9.819056980765392,331634.661377568
1545.1181359428622,2,12,6.279933826040981,340517.5893758772
1602.5267927331479,5,19,2.47510073140412,378272.13082733273
2062.851251764766,4,23,1.6281504967686378,444625.5130946743
1785.127151455815,5,16,1.8691444060846163,438250.697987449
1326.928903301279,1,12,0.19795658347254386,255830.40317957304
1230.4755985954926,4,28,3.9068211098593917,255222.0508393357
1647.5757514519516,3,5,1.914276804995425,386740.41876024206
1103.9300378938074,1,16,4.116554604567025,235077.43203642181
2049.4376297563063,1,13,9.349944318387655,472770.4318788775
1853.832036216386,3,16,4.3054020950719,412629.39367842674
1359.2473043685886,1,29,8.779844969848348,240113.44389496953
986.0596412727367,4,7,6.055047666158765,264513.6021259648
1906.1617122496239,5,10,2.471315546613919,434813.2381420242
1465.6380464242147,1,19,3.558547592592114,295082.4852970828
1871.3448935920385,4,27,0.8391953582142941,375320.0944270115
1021.6717023616899,2,0,3.334625935960105,209164.59959625194
1320.1874931138682,4,25,6.775409455035341,317898.0842427168
1501.573109915455,5,6,0.7211109292943518,352395.54519143264
1514.0941781294225,4,20,2.0540140847802935,345128.0399977345
1364.980358556227,3,20,3.814410414133115,261293.01329640593
1686.8549797042497,5,16,9.820495370159625,422616.16258255346
1179.7138711852217,2,29,7.848618229588801,246992.67863405708
1457.286154493612,3,9,7.334867464921039,347507.32842183823
1536.0886895135698,4,10,1.1619095652544598,333564.09304536844
1654.3316502176247,5,21,7.809958936149915,399288.2832738771
1713.484463426667,2,29,7.852688115160151,355202.87084130256
1162.6073724486391,3,8,6.011026956243283,259538.31076983042
1039.7657487793133,2,8,9.903617819983719,267199.7472315051
1883.3030465695526,4,23,3.2525390592455192,394139.8138674281
1599.6942035938775,2,4,9.412724482418517,379334.5907082904
1275.454039033034,1,16,9.147311149565036,223071.1340336291
1965.345592656757,3,8,0.11480659749377842,425295.87319019437
1534.7023902878575,2,16,4.50116526474811,319153.0320343764
1853.789155219148,4,23,9.771042330515733,398149.97121604293
1520.2555444230327,4,20,1.031213624080758,337658.44734197314
2118.2243774645963,2,18,5.477846943833194,456761.4247671438
2026.6022527329615,4,26,9.78957507041104,448721.92197315034
1425.310755456278,5,6,5.554954241058602,330793.53470614826
1791.4712852863067,5,22,1.8981530297215599,388345.6368994566
1693.6127848755443,5,8,5.821832300925898,408293.8401714905
1910.5894672597046,1,6,2.0444057394954687,411826.6078092539
1210.5229618259687,2,12,5.197042628944843,261215.09521270817
1705.8154379995317,1,10,0.74042217912348,363763.64119282365
1817.5273460548763,4,13,6.054826692144046,403474.5426049802
972.3781540730657,1,18,5.167899391281582,176398.4920801726
1145.0224462002675,4,10,7.401613687614631,268366.902568581
888.2303466719699,4,12,6.30700471158785,229932.8621096209
1419.1779496666327,3,13,5.4960626853075665,320505.61317868973
1715.2626767387887,5,12,6.897788492481212,416098.70062517934
1950.7071156288084,4,0,1.4394191357223085,435531.0381820044
1522.2284341259326,3,7,5.953596612586041,373260.0402094034
1988.5846636713875,5,11,1.7211060282277768,434600.5809061649
1085.9695625355325,4,18,9.255222078518809,236544.49760227225
988.9852681934535,4,11,0.683341048456042,222291.82511165502
1483.3356903310143,1,7,4.303747496907933,277550.3017954129
1615.2196346817923,1,7,6.957974776554448,362761.62043908465
1490.191575571772,5,28,4.580222116682587,350083.28567746567
879.767369988037,4,20,0.9209525323290235,170833.74693360215
1473.2639881461635,2,12,5.533790161267074,352692.88216340507
1108.659149848544,1,11,6.4163190882735455,264170.05030564516
1700.9017646490115,5,28,7.037923109905076,407499.5715876288
1609.9794738290545,4,15,3.7325981446275893,361950.1626176415
1218.0360641017935,4,0,5.636599710287622,291934.9078567604
1345.839924798992,2,12,4.506864749389131,309318.6172630268
1182.2359434333146,5,25,6.720560387522534,270057.9724889088
1481.1962708180483,4,6,5.835569673248186,358774.79265191767
1786.5426961503715,1,27,5.2575621955913485,349669.3303519587
1204.2821860993367,2,25,2.4952436683824866,258326.5726977177
1651.2139546553533,5,4,0.020185177482339167,388950.2569369489
1340.9227144882677,2,7,1.7408167531142926,284777.3106969776
1262.1381503212967,1,24,1.1706604142416865,193248.7882646647
1467.8908920136328,5,26,4.4908474501094675,314327.86632268986
1189.4273032741878,2,13,6.122581507618446,283082.8139826181
1333.9052083958454,3,22,2.1308500868480817,280037.49733434117
1140.6366322233455,1,29,9.390570959671871,211515.74255477125
2089.4175398749167,1,12,0.06682129223887778,374085.85498679994
1510.5790655915187,1,14,7.723010151653429,333641.04687971994
1290.0823476022242,3,22,6.252047695304422,265135.5646426514
1564.1939732202666,3,16,3.735548010476819,318300.6054796859
1466.301585092751,4,14,0.5048894441240792,328236.91881482373
1433.709120140033,2,19,6.274865717842793,333660.9282255341
1684.2500100130276,4,17,3.8561351286564802,355616.63710516196
1727.2523130141915,2,17,9.362671394132192,385868.6134212558
1340.8496557168419,3,1,5.419900748897659,322284.50156816945
1327.254527806596,3,3,9.396515112935083,334649.39903206425
1417.4844908545067,4,29,2.204836934733041,291833.0523676925
809.4236505793245,5,0,7.257259103641033,263301.00419087324
1045.4426813404343,4,3,6.172490208487257,261972.50037593127
1910.0622802333573,2,17,7.394082298313118,382977.31684791576
1993.4903140503852,4,4,2.146678639725368,477231.6546807791
1425.2891881330866,1,18,6.649945162377737,323096.001928307
1672.9670889167298,2,14,4.98040393056869,336422.6800112014
1593.3750463630608,2,27,7.428249749063163,338028.89819344704
2423.6642425365712,5,7,3.2704464415181778,560799.1240066274
1835.872473430373,3,19,8.900570254652525,428158.22484985803
1461.62472255577,2,16,0.8430131461135038,301780.27644030715
1213.3378678198724,3,0,8.071893187911881,309622.501671699
1018.0661039227282,4,11,8.613196258150907,304725.28057653934
1561.039090760167,1,25,8.172523113668213,329987.61116956366
1273.094776414709,5,18,5.12726394261776,292956.0898096168
1073.3238871206977,3,14,4.383849800307614,263005.5410025895
1306.028134727242,2,8,9.962622865248768,320939.91411072074
1175.5355989156815,3,6,2.291719512141621,274561.67188891687
2006.1424905217696,2,1,5.468759658760446,451135.2804299803
1764.4919270848352,3,28,6.706755253823255,384367.6731614215
1497.6082076050147,2,8,7.00867635861432,322995.89824609034
1943.9832416670079,4,9,2.040246657385787,396475.75387693034
1523.2104922942856,2,1,6.539940923398012,384524.45754051884
1241.6147396015208,2,18,8.183695664813373,287233.1174801544
1956.9372231808973,1,10,0.5001857682111222,404305.3190254066
1661.6730131053976,2,12,9.115212933253165,344715.4828837929
1188.826153702063,1,9,0.2950405514520593,257074.09567196295
1442.8983965749176,5,13,3.5597103248839437,326448.5180322879
1237.3145239845728,1,17,0.15813196232962068,216629.2012723818
1085.1600807106993,4,18,0.7714516853958187,232621.81121647923
1777.8532642594923,1,21,9.11168285180079,360069.4629000519
2072.8249921410393,5,8,3.5486083074614783,470273.4060010031
1080.4297278542576,4,24,4.247715304250529,238597.75515181446
1668.8907710071712,3,6,2.1534438138255263,386753.2913752395
1304.807229263452,3,27,5.9709577018671975,310583.1244048158
1353.862384870591,1,2,5.948032146777896,337142.9535648394
1322.2818227283392,1,19,3.7220039182521925,219276.0845490065
1240.8027690960553,5,5,3.3303487180539837,288608.96081261535
1514.5564883834481,5,26,8.849643081805878,312661.77780927176
1250.7149650766887,2,20,3.8328423964220137,235436.3595087472
1581.1370477339517,5,1,4.935009921544083,376412.0949364341
1484.928567165259,2,28,2.833047624249306,297362.1838588372
1428.315585940077,4,5,7.867695033571273,347102.9276660209
1227.7309013875206,1,2,3.9744815689909165,262577.1867034858
1326.9686008295002,4,15,5.136110465443245,312209.5661571116
1726.6173677477268,5,29,2.533571700596614,330305.13914837217
1650.2751562873143,4,7,9.876595923412518,392166.1478152482
1206.7334265604347,4,1,2.914957409237229,284350.33984192566
1529.7996916287677,4,16,7.707425309055517,356449.02509840427
1725.4161370115366,5,8,4.274956503567592,405997.0897246562
999.1784156635885,4,29,2.062174050841399,236659.5491815855
1663.0080577139806,2,11,7.997187639648612,394254.27296266105
1301.212872316246,5,2,3.3360678902904315,308536.7134248626
1671.179600577948,4,10,8.651933473978112,397269.00629645074
1271.022253037245,5,0,9.15257184917823,343378.52711149777
958.5353698006443,3,22,8.598238353912759,221415.21539927777
1011.7372686350511,2,12,0.3500791480680565,211548.1659837687
1514.4254839984146,4,14,7.873733450051056,324058.1729905201
1577.9167505164446,3,25,4.113394664991439,346264.6111883758
1228.7050124686775,3,4,8.73722920182225,347298.16431715386
1691.577737633212,5,20,6.379542626847387,384816.44984744303
1001.543981319312,3,29,8.336431341439583,222703.66446870376
1480.176060405805,2,16,4.994317698668354,320147.6855186762
1136.695140071263,2,24,5.3502550459893286,258478.02278340346
1304.4491676593523,1,22,1.4438763213366723,238623.34080220896
1514.2196013949242,2,23,7.839873586893554,346222.19153548736
1241.8759904148142,3,24,4.193896116669716,273114.5721153763
1384.6333367310524,2,5,5.000801182715826,361662.9021398834
1801.8878427643322,5,27,7.850977140957076,402559.2139544059
1326.9324391430555,1,20,5.988454000794389,235808.74887816637
1750.7076336195425,3,21,2.0109872744266744,330037.6806823316
1161.0879436027146,1,10,5.902326591508928,256967.78642609072
1658.941253374585,3,17,4.076328579796558,377227.5354543148
1932.47058619737,5,3,4.6952554204386265,442420.21153325273
758.5066499618132,1,2,0.28311274402667785,155498.24471498944
1260.931423358857,4,12,2.1002934951628163,298384.606894217
1673.121638154162,3,22,2.8103808138102826,326371.57968231465
1439.086384187102,4,8,7.129600078588058,339239.88924646436
1611.3437620113928,1,20,0.11492473298115313,279488.8423149791
1318.8044439852538,4,5,4.087772612291321,340264.31371615856
1525.97693624187,4,25,9.240268704257328,384730.18700558797
1453.2968293823762,1,29,1.1188061654912385,231165.09691407025
1850.3346184979423,5,27,5.16424388218611,402544.4331307545
1576.3262529903639,4,11,7.865223823908471,406236.549218914
1601.2807986225607,4,1,9.425313075201167,413856.6287729627
1376.4369101632599,5,2,7.46776639533718,349841.429349356
1353.7181327782519,4,2,7.205655486444061,312848.6615956527
1370.2325436541137,4,27,8.264880901957625,337929.8042770681
1618.335642713489,4,11,4.462012209775437,376687.49389046495
1373.704655753921,2,14,8.058445326178331,284573.43002684077
1586.932457068924,5,8,0.07964404745451126,379582.5327285572
2122.6202395936316,4,22,9.24561055376805,445744.0294524092
1761.3374110295076,5,7,4.433065095171753,409523.08459841204
1402.1929403496476,3,10,5.533801878657476,317815.3033957743
1860.3641766491835,3,15,2.548822489148823,424684.5743525375
1377.5773880935346,4,25,7.425308328404214,309921.09542312496
888.5626394466439,5,26,0.7663580647524881,187251.4644870767
1197.5741067247789,5,24,8.726358025468352,269885.04457434366
938.7624236922433,5,21,8.281168290063427,234850.37260759372
1394.5459547876073,2,3,2.160601162447664,288866.28755214694
1505.5255137568656,3,27,8.093243982852623,315766.8753455424
2002.9311936825848,5,0,7.863577330614815,490029.81588742847
1598.0782121292489,5,23,6.32216597753949,318042.9445966954
1434.2698413573407,2,6,3.735201768996875,286325.3722081146
1748.8216743550468,2,1,2.7149875418186786,379618.89510795963
836.6594072976345,5,23,2.3178359028935,196846.15463607304
1570.6843674325698,1,27,3.186089627636072,294898.6656518164
1731.25955816609,5,4,9.035584434325303,434613.9440091453
1056.4241262660476,5,6,0.7764077598878127,247984.53177954355
1843.1262129620786,2,3,8.288712762529586,425198.7143404704
1601.5489222483243,2,4,3.4889007504182357,360437.1326070004
1375.4136258297597,5,23,5.215993960113582,325205.36954027304
1689.8345598318854,5,0,7.944856336484907,413912.0254196317
2181.2078573413187,5,0,8.843765470229712,548762.2936110713
1554.5598765175484,2,14,3.4478142007264703,330293.2201972084
1574.4661758901009,5,19,4.6184348127511035,384129.68836857105
1362.1917301379267,5,18,4.145160648167923,344821.5978937666
1245.0466891605624,4,28,0.13251033503910548,218817.35507984305
1749.1007449632737,1,9,2.959428888586566,343936.7426582134
1243.17485222734,3,27,4.591892337325618,277365.3929315071
1521.4698711658177,1,17,4.110936088804397,276050.80627460656
1356.702765970465,4,27,7.2192922751567945,335340.5538237444
1643.6939477239175,3,2,3.8480361722110326,368101.32650958543
1600.0986315860846,5,10,4.893764489706703,390989.2094679308
1811.2619832773698,4,14,4.296085921323634,400405.0130048766
1346.9950803435759,5,26,7.406261488943705,289582.5329577599
1419.0375194119886,2,29,8.629723989869625,324567.0158743853
1206.3708852653078,4,10,5.318890790075141,347883.09161418385
1366.7120219771666,2,16,7.894321941951912,298513.848578079
1613.1901479134556,4,16,2.967866820198506,347030.19266677875
1727.0965849936056,4,5,5.413696101572687,352005.80664124334
1223.3504027467125,2,4,3.4522995366997247,302961.63630196353
1760.881776031698,3,7,4.142009255718303,410621.7079417712
1906.6913576414854,1,1,7.324138648126686,391791.2875278322
1624.0304709671102,5,15,8.816624823327126,355091.50906912
2063.03874376742,4,19,1.2149539108776541,391197.89264456695
1267.8632402689282,5,23,6.346392564873805,313707.99338561104
1126.603589006575,2,11,5.821438075777985,272827.7365724866
966.3839253287164,5,5,1.1841503917593188,223230.85813716412
1948.8132934467549,2,0,2.118943304401091,430342.5758390124
1696.3096969062174,5,3,3.110024947326803,403489.6065377006
1483.3245987268635,1,16,1.6693107081750147,283666.07914916344
1583.9905878959462,1,12,2.437294825243418,340388.5282391123
1162.353285810487,1,17,2.676007988617075,206251.985080622
2233.725593885048,1,4,3.356738330390596,490479.5947008405
1538.7663545925682,1,29,7.493904528011591,297152.3624782846
1532.8184383814678,1,23,5.719122038506007,346290.0315081645
1717.7299871696075,2,23,9.862466719514014,358252.2105618622
1644.302769521014,4,26,4.14735826967471,343565.9036805738
1567.1652072837394,5,2,7.538650738369251,399298.0378994412
1262.8576633664065,1,10,8.714684213765338,292191.3246985576
1641.4405071407987,2,12,6.789784930380419,374053.5960924238
2064.6073489425103,2,3,4.1186474041749594,423301.0584444433
1903.6260138464934,2,25,7.53594630745753,400158.6861416536
1977.955987991819,4,26,2.0366713777268486,409537.1886150525
1346.6352970706444,5,13,3.2755216518013244,305649.903192573
1203.1185539224257,4,21,5.466852550992888,284539.14588863787
1462.2639239701055,3,10,5.754093872861484,309295.8558885729
1516.7174736866084,2,26,0.22141475472629457,278921.4907299395
1828.2574555412846,3,9,9.451141887560087,414343.51805798407
992.2606110855543,1,18,6.9662727121739,209814.86718699997
1958.865095838184,1,17,4.957037502318911,429998.91587765544
1452.597630426303,4,5,9.331272344083084,399005.002328824
1371.935679015774,5,26,4.390955652508285,332750.2432773206
1196.3686874219497,3,28,9.804355702703717,267050.37039629143
1003.5429984402692,5,14,5.122847572434851,273475.20308623224
1746.9511751885743,4,20,1.1428576999797946,367351.7660761299
1521.9953901565211,1,29,7.6480097245927725,310050.9207243283
1113.0117300776838,5,9,6.788977250778405,291500.0053170454
1111.4763683809151,5,4,7.729867213055868,340112.96688904485
1399.2645902129616,1,25,9.514420287256812,327241.7915900056
2000.7064575868178,3,28,7.764893026510181,441863.6850188564
1422.1225945909187,1,4,6.113366022166469,315585.3297188036
1049.0571140645682,5,9,8.573089023608409,289968.0830960469
1426.2770807742168,3,27,6.732464393545316,319029.0702133246
1418.182929075699,3,4,4.081190568259231,317610.36041935545
690.9340071175285,1,2,8.856197642417733,208234.10395488446
1483.7115400446564,5,22,2.2190046078437287,306412.42881929176
1430.7196409373967,4,5,7.146412749087242,362212.86569286365
1708.8619094440255,5,3,8.81563454940757,385556.24363999034
2054.6868284836037,2,17,7.313165197032962,430990.82114984293
1837.9695088643273,4,27,6.972754190538569,443511.2153839471
1419.3333928335508,3,8,7.52638294071836,360222.42315814015
1168.0422273774989,4,16,4.650552483006444,303570.5768892225
2272.0079409749583,3,28,8.74170682157026,472763.9689557553
1517.7655302043465,3,12,2.034364751360912,327800.3865336826
1504.178787573884,4,26,1.2738641600033929,333844.9233766798
1492.762473866999,3,14,2.8550878011851157,334489.8324734329
1559.4254282303564,3,29,5.315773967749932,335135.2730319873
1456.6918764228174,2,19,5.105617954093381,340978.1044616316
1327.901397935929,5,16,8.205987576765866,311801.1181587366
1335.9423176278824,5,12,4.0456865640401745,315732.1355568673
1490.1740189352006,2,15,4.843444262915087,284670.3138482285
1336.9725686598706,4,21,0.13367683259395635,254660.77685623185
1286.1462651968507,1,3,4.097392364429391,304699.92270509654
1531.929068307569,1,4,6.477742329503421,324427.5399851884
1423.5068347737433,1,4,0.15508330626592182,304187.2685685802
1951.1978965748067,2,8,2.8088196518624375,445453.3784136352
704.7090574820965,2,16,2.0795635928938996,143780.86596105
1827.4520555767385,3,12,0.4198542890958823,389986.9513568234
1873.8255577492887,1,1,4.792600899145375,422094.358636443
877.9829302775552,4,12,1.817232932281565,182252.84945558754
1397.1937217758955,4,21,7.430815396313801,312763.7744307271
1388.5677402012625,1,20,8.479278837633485,280036.7179949839
1077.7464915846535,1,26,5.455851826691478,203094.0952487275
1266.6549937227373,1,22,9.817073425211415,293738.57983222656
1166.8272463602514,2,18,4.504785714705953,236985.44322673418
2025.6811330270868,2,2,5.133682102249155,447101.5725780268
1780.7035179442382,2,9,9.892177539577501,391252.3589481104
1881.4665284982475,5,1,2.315484359650488,460899.170788576
1716.5016192129706,4,12,9.425459396769053,401525.4210219726
1161.2844686348312,4,18,0.42837555119113246,277858.382521121
1342.6439201160679,3,25,4.463868902631948,284566.71041336044
1646.8123683683755,2,16,0.7000351213306577,300722.6577210668
1133.3616573324164,5,20,7.29234742913643,279713.533681253
1713.8995290517164,5,13,6.084089358800178,382444.81605502084
1427.9023805525594,4,11,7.066342634675964,356199.17683145474
1387.5537577351208,2,20,3.74480399968017,281007.5158988877
1713.2879904610475,3,11,3.6948193403138028,377895.8998943256
1633.278993445812,2,10,0.45319278960894605,326534.70043627586
1391.710150254276,1,6,3.4994493952963976,285732.4309500707
1847.7989410092744,2,3,9.292884022620594,412051.76812264527
1175.6810017200307,1,18,3.79226537180449,253821.9859394592
1684.780682083279,1,0,8.3136770622197,385061.4596917603
1677.930377390515,3,27,8.42325504749934,360908.532841632
1407.136068205803,4,23,3.732411563792338,301624.9934912791
1597.8399066726354,2,28,6.31988680396189,315590.17948462104
1124.665927084409,1,2,0.9537160227305863,230474.73699501422
1777.2081057620703,2,12,1.036785807342765,366738.1464829977
1444.5293590671033,4,14,0.48657663661713313,289656.015015371
1343.1830938442881,4,1,5.810150933751094,318400.33357602893
1814.7027677510669,5,10,4.2607097762609705,446809.7843039717
1288.6968928371723,4,3,5.480323566642401,313385.86574465537
1077.4616110909321,3,18,5.210731905083879,233514.76556512562
1033.011247942829,1,28,3.5020299109073028,165234.96703191678
1681.8029854036918,5,16,6.774734148234729,413247.82057139673
1115.871194251115,3,2,7.585018809163907,266980.81662582565
2026.4382545953094,2,27,0.14628258877675715,385213.21064371656
875.4211776348834,1,17,2.072422997688783,135782.64912908876
2008.9369104870116,4,7,7.132358680833368,483312.6315088514
1563.3052401607856,1,21,3.8662017263383417,334029.1815362204
1470.9860664388823,2,24,6.624839469416082,321011.81754441716
1336.524273957315,5,23,3.4696265973455844,269463.38515008497
1619.7408343056213,5,25,3.907551523296371,372761.16735579073
1488.7095892725456,5,18,1.5867887368968492,312128.88154618634
1830.9905646049565,4,4,2.5823101966616004,389690.2263298671
1534.2682945986119,3,6,6.054117575075873,350455.0258799487
1545.0905284385633,3,20,4.331631113151664,322608.90778654115
1390.9163363358432,1,7,7.743026829445951,306297.42839079263
1482.9163128836797,4,27,8.525849549383427,364185.99528174696
1592.3405306676177,5,4,5.416464182167599,429786.94697321404
986.9494822030123,5,16,7.582672920560592,233920.53029641614
1095.544373368286,2,4,3.0690451319457,234677.45244689388
1722.9792282068145,2,3,4.149712154000782,383699.37313226593
1551.2596314383825,5,21,7.12777676216831,356616.4802797735
1444.8049990941963,5,18,3.8621199281703067,339259.5744452611
1505.530179919618,4,26,5.885049351589888,349850.989860789
1604.2745116085014,3,20,1.8537277908251149,345110.8601212267
1338.0720959071916,2,1,5.99771314970498,328297.6562869599
1266.5085823793063,3,10,8.615137072268936,344559.3122556004
1558.7535765293044,4,21,8.686396398234256,331903.7516387099
1206.4881667154905,5,12,7.243444063295397,339117.0294986674
1622.4758267143416,3,14,7.457533790761261,362523.0016148797
989.2249187286479,5,11,5.579274451507007,274943.86041677714
1808.746691197693,5,21,5.846680901658248,388889.418182241
1641.7792447239128,1,20,1.33650581410518,296868.4501774429
1576.8089202941628,3,21,4.438591884213011,349297.0893095382
1794.807295183654,3,10,4.507762838863638,357925.6727760521
1999.642333338773,5,6,9.584978356677402,508642.2000169078
1804.3110195054392,4,27,4.310868626232894,407115.81707908405
947.7377306005064,1,4,5.493426449027576,224570.37544181838
1116.1269099792896,5,16,5.332513992791025,278723.17267138424
1312.5544266912964,2,23,6.367617170443271,263176.24829230655
1507.8273150632501,2,19,7.482328313318959,343966.09262731817
1655.2977061407369,1,8,2.2504187617087212,347264.9399648395
1282.2768560539603,4,13,5.287244190984357,284961.48424523737
1556.0300293431235,5,25,8.259177073160304,357172.2922326624
1273.3851202940032,3,11,4.631147138375114,288146.05125676014
1316.5446591024156,1,5,2.78457546373573,271875.76520877803
1078.0016709455333,4,16,6.5470907535629905,237077.5596899221
1223.0300261667287,3,18,8.23767395799123,302774.7811949798
1094.4946183150998,2,18,0.6314029292739132,210185.72919135162
1207.2380241068001,2,25,7.767904834072271,263094.4245095876
1816.092538982352,3,15,8.216479329617712,400235.5726966104
1215.1803333504172,1,11,4.615229275886068,269117.64252895355
2289.714619451217,2,11,9.833056568184674,514582.1304187948
1647.9953702642667,5,19,7.867083407073091,414690.1788708272
1555.450837108462,3,5,7.736625648956657,381885.2699252553
1242.492665945636,3,22,7.478385744120718,278836.7738729886
1710.0929638226974,2,25,1.50608103218274,317254.66157540196
1327.3086521286677,1,3,2.172308864530108,299142.32842671697
1536.6029443936084,5,5,4.63990131464425,367368.5734762138
2268.0253614806384,1,10,2.6400434995946584,458370.93846217653
1471.182030082605,4,0,4.152409723340405,351559.0225073695
1844.7819978857028,4,29,8.884641099229206,401847.45086014405
1289.0470724622337,2,23,8.243268918792692,281434.9792018128
1489.5034528509116,2,22,6.300398784799822,354926.835748833
2031.240190690653,2,14,8.581203942511035,427197.61676813196
1311.9098826636698,4,26,7.837723890172493,286280.5117683642
2043.7345673990785,1,10,4.289849318408905,452882.64843494527
1712.3255806366426,1,24,2.0106515204994513,319022.28603992437
1331.2599672317197,2,18,5.142010400093392,275949.619765313
1689.7223217166563,5,17,7.362288825285502,419953.1856052275
1791.766334888019,1,16,4.36419598729593,337770.3345684484
1686.5429886651589,4,18,6.667719097838972,400076.28180729476
1028.9325840328631,3,20,0.9432742629104363,211415.21670755566
1281.8588472525394,3,13,7.480047363714034,313568.0488857176
1425.7444093345487,3,26,8.12713619893062,325705.18196660536
1477.669971269986,5,17,7.068378557805412,342816.2353133715
1686.2016292652033,2,27,9.672635875263655,386127.1808323571
1553.3103002799762,4,18,8.266520574606403,353991.9086994659
1099.3966923869696,5,14,9.030937278765382,302211.00525119563
1614.0593553017889,4,14,9.335710834576481,413244.9149438229
1683.175723585147,4,3,8.013479918738085,439780.5783076492
1667.9371343793118,2,6,6.742588420064991,372957.84225737344
1824.2342176663865,3,12,0.05718581360789288,386395.478086137
1750.1766463646713,2,2,4.6582575322312465,383136.8411300181
1637.754023768531,5,15,5.71162298622361,433684.8442301997
1478.9502865624058,5,8,3.0403027244799965,364594.0910523575
1001.7117199452025,5,7,3.1810444690347204,257428.73505095282
1628.8854657397758,2,19,9.611594157101651,371586.3074026183
1562.3063061489333,4,12,8.917108652027459,387188.9127988453
1581.473651158612,4,16,8.491790055017042,383488.5513224773
1116.9754272539071,1,16,4.060118017061106,224895.71118315583
1175.6830378775212,5,16,0.13698550408914545,253934.98911124645
1815.9458559998711,4,0,0.8022224645571407,404163.2162882301
1488.1334538430035,1,7,3.1219636821760366,289942.6750785367
1704.4502092117873,4,18,0.15742912995676983,369042.6756316305
1508.4955128391384,5,5,0.17149781915198115,329022.49081060814
1508.9268418487236,3,2,9.16603301642411,353416.531872171
1781.4851417927994,5,26,7.061585021190541,402317.8641332296
1345.1865815347878,2,4,3.0895599006815266,295882.6632165674
1528.836233082295,4,12,1.3264457760095316,339392.16501228645
1361.3174133884872,4,14,5.116357178950771,305481.16118452314
1369.6511317703053,2,13,0.05346160854364457,266846.68323215976
1407.2483629594083,2,28,9.38413743858144,320212.7498865587
1566.6401314901138,3,22,4.148151193889472,343693.12627737405
1356.3754135009567,4,15,4.023349552373327,320682.3313855916
1876.7268376720563,4,17,3.905936075817822,410054.40016053
1231.617809334149,3,21,0.6932833038776476,251668.43085286347
1443.9385067515923,1,28,6.383222397918265,293312.5910941198
1368.0806825177476,3,21,7.330036196283533,295645.4826887876
1934.0933653061197,5,10,6.7612539758829024,485105.87494356045
1558.9664329534723,4,2,1.384354933293943,382346.82190691814
1809.5533618405905,2,21,5.788401680355926,395237.59258991707
1054.3318880889083,5,9,5.694844841722539,267323.3700983624
1580.1150797607777,4,9,8.684107879413821,396726.4377082276
1766.8892386870311,3,29,3.7912765837564697,378401.629411584
1524.6851967826271,5,20,3.714859436594342,319047.39850507426
1819.6441125196054,4,15,6.185270587181856,446245.41067380033
1344.8134649698884,1,11,6.33072653499513,259328.57344583745
1922.804232055674,1,1,4.692852273257904,430617.22417160583
2189.669437085775,2,8,4.430593623304211,497152.50165872544
1391.1484318681023,4,23,4.941476706378827,306175.80062497396
1366.3492435797684,1,2,8.61045299503312,320312.82569465786
1936.0153431353103,3,23,4.6116690125391,419114.62954269606
1973.8716437192138,4,29,9.399317919698225,475308.5561810114
1343.1419918540196,3,24,5.040037635963261,282207.2337917929
1373.9439548712428,3,29,9.492006931808914,293129.72179597424
1415.4646173418478,1,14,8.328319018690758,305259.00944966346
1096.6648466897168,4,2,3.624313226158291,243404.2556230104
1224.4044160547405,5,18,8.63641421296616,329018.112250082
1198.7577699743797,1,17,1.1006328420111522,219473.0571506545
1269.6607304687614,1,7,9.250471753430144,295517.72177959187
1489.5945337839657,4,25,6.316435150828916,350193.50513931783
1570.2644197609561,4,16,0.5439074852231118,325234.2148901098
1965.150147844223,3,7,6.442567236508116,459924.6736591531
1200.4937877783627,4,6,9.74247654144756,299049.3701865846
1795.296719542975,3,29,0.6980065461462892,368223.76520580647
1435.8033467323473,1,6,5.546877097800863,322733.15526078315
1485.1608871042702,2,2,7.477943497593724,349650.3142924293
1702.445847649981,5,0,8.102585866995312,433619.96862384875
1163.1833935313105,1,3,4.138274653207958,233092.82607924714
1614.7229238552152,4,24,2.0416655916824302,339312.9276083946
1549.9356624639167,5,4,0.42342278772383835,353270.8507242705
1647.7353792024446,2,0,5.797261570972248,353344.73148659896
1586.7505931723454,2,14,4.529110702676108,325574.1636097187
2236.5900419732684,3,4,9.48744395149711,516170.32299308886
1308.6780047246052,5,12,0.6060490771490978,284620.0026317097
1340.7009134994546,3,7,6.853953434460057,273667.67177118285
1313.0578420725706,1,7,0.2496622212005717,284887.6303126943
1333.3568642519235,5,4,1.7143417671054273,316401.2841841185
1308.7838618080448,1,27,4.535789999228341,208456.71817301973
1856.7049593322656,3,8,4.548724428028682,454783.8728001845
1926.1512743969565,5,0,6.857005429336439,494343.12865233724
1328.776111875157,3,3,9.102130348677566,329786.23309705255
1250.2933280687314,5,2,6.390321589149208,312160.3237321583
1641.4246669159213,3,1,9.535350978515089,412525.51249097014
1334.3330867157085,2,7,8.816156398779976,324493.93563472445
1689.8795453266532,3,22,5.844997955307902,375042.6973378776
1560.87690625539,2,8,8.337919509188273,345072.5733319184
1045.2767655008304,3,1,6.42577610323634,291639.6740357804
1964.2515603990184,5,13,0.7855783092372715,417808.961162479
2038.7633019286563,5,13,7.4056472325951,488896.21152181807
1316.1633928546842,5,3,0.9490844126734621,297539.31542516366
1383.6895320192048,4,29,5.940827805697124,355904.9251473963
1585.7596172174715,1,5,7.026402058582288,368694.4007157109
1600.3370369961076,5,10,0.6652760821085524,416078.4333412372
1697.5632818018491,2,2,2.3079465392653176,384604.4285832173
2103.061361629905,5,7,9.156722322616499,494666.5968016898
1446.9158317517852,4,2,6.163144922328963,373786.5068337858
1260.5108266384639,2,13,2.462860188105316,282928.0226320837
1086.2042315956419,4,27,6.906797711480066,258741.31776648396
1280.7209880174244,2,12,5.967764199616896,300590.86804221047
1490.0619081378609,3,12,5.015756999179484,350325.7092116231
2038.3673590553362,1,1,9.761869749880837,445109.2003451566
1344.7166102891485,1,12,6.8345377740750894,273818.8428336061
1567.1363854916694,4,28,3.7544110966791266,314314.9926094408
1495.0731311781744,1,18,8.00073432076868,324569.1457268885
1856.5179820344251,4,26,8.845832929211877,412069.337623476
2258.0797277620863,4,5,1.2522055951683142,470865.5622097999
1340.739368123904,4,15,2.005529778452665,311181.806727437
1353.1681672445334,1,1,2.1622700912777972,295605.8803080252
1813.2482631207217,4,7,6.912118093865404,430088.82292088843
1704.5674468878933,1,16,6.030395550532833,351905.68102676416
2054.01219772081,4,22,6.189915646985882,441187.45573178
1675.1784555977893,5,1,9.40773299689501,413747.73286785337
1392.212372763882,4,9,7.75911532807306,362412.8570438885
1677.1964492076927,2,27,1.2793692451178318,307266.27843406395
1832.6110741748723,4,15,3.4750708242518105,405585.37829008984
1746.1446543592092,3,5,4.353936461757356,426738.8211060693
1652.1822093321894,4,27,3.959615887476049,343089.3664100311
1820.0024068767461,2,1,6.693086091618792,435179.954647827
1850.7886771337019,2,1,8.918931032565625,444626.57091028197
1914.647697311258,1,25,3.06051463522788,376961.46390361205
1694.6129662768928,5,12,5.518771364211856,407123.418914533
1449.8645759049436,4,23,7.894094219135857,333045.2548912494
1544.014105929997,1,14,4.162180588453493,319309.24350413564
1861.9526899525072,5,27,1.6811812839929585,379334.16544595174
1254.919298703829,4,1,4.7495096526374825,314060.550426635
1610.6019926618703,3,6,0.5522252074302847,334177.0046538556
1381.9983563017918,4,2,9.423834540022769,380631.94582200417
1508.6234468804453,2,7,0.7482120519497304,280975.80106226885
1883.5355587821896,2,22,4.384567152505782,395251.0133414765
1557.329720405971,3,13,5.298812610885262,355191.7411640662
1513.9309644468447,1,23,9.853038322872855,332471.7037872539
1092.0431577060242,5,29,1.6602182364286078,253699.70170065766
1723.8760698081662,4,22,1.1443151861235856,351774.3180913922
1693.6452543423227,2,26,0.08706147062543579,325273.0351130327
2148.976416991638,1,21,1.555714368693023,381743.01747806364
1407.6665295140997,3,28,2.072729790676676,271590.61721349886
1565.7450982991818,2,6,6.3058094158309235,372792.79536249547
1574.8151051132265,3,20,2.1970679039140038,299165.12583148567
1973.2359839290423,4,6,0.2052081472932521,429868.1048632896
1471.4113402839143,5,0,8.266183455024887,372062.8438942314
1583.7064577311019,2,16,3.6559570100396677,328801.337160984
1682.3689529149617,2,8,3.536966865807339,349805.07513679715
1555.9827369469074,4,29,3.024790291679266,297876.5867619092
1366.0699156348414,1,20,9.75373277146421,309702.7132834853
1558.2269978694924,5,12,1.7011541730928148,351159.2351988676
1822.0895249579316,2,20,8.982380639532352,411582.39058299205
1192.0454101766818,5,18,7.76803332139888,316138.00680230797
1539.8909022440628,2,20,0.7647995549931308,326307.35296555853
1289.963755518248,5,18,9.867291015008487,332998.94108754536
1858.5139886774527,3,24,2.7136596353901057,404643.51640450524
1043.0439285648677,2,24,0.9858292702241234,178022.44191627507
1332.3234458185234,5,21,8.293142341257594,344609.59745455533
1613.1635625193562,1,16,7.066755336776999,353154.29751431325
1969.657208770302,3,22,6.172188058779008,426454.23509825114
1480.2749216781037,3,22,1.5598086369893316,309748.67220382974
1333.4401419920405,1,29,4.784961162559619,237898.05664449694
2064.347120832177,5,9,7.805560268872139,464462.2893122957
1065.5958298751268,4,9,3.0362393814384028,288996.9266037573
840.3582130139754,1,3,3.1168982851504143,185781.69046460174
1632.0043350159997,5,7,0.03140906048122116,362398.04386947205
1349.3837326942166,1,21,1.7424340164537955,235042.72713628647
1193.630154860786,1,19,8.754056251218342,234360.74611831218
1712.506934189806,2,19,4.417464916377071,354322.33384360094
1573.1402141313597,5,17,9.842344992344339,381508.0093578191
1330.7764107789815,4,13,3.9570796357379256,306475.367469335
1115.9086803987316,2,17,7.151864547802412,255184.13762640185
1761.7371984840433,1,27,2.8191904290472913,385732.613467259
1695.0603533875983,1,13,3.638096411409335,340930.9531197872
1470.2472408661852,1,19,1.9072598759089465,316684.5497116507
2053.9910988142997,5,20,3.47062368499395,480991.82248872856
1178.9745701021543,5,23,5.472375204206431,293729.27574690274
1042.3424487225784,2,14,9.917728809792495,252354.60714249592
1292.4275790356266,4,21,6.642017130717857,272966.1547380601
1486.3241950933507,2,29,1.9924595440831405,293286.01428576396
1573.0018347968075,3,3,0.4496144159155113,362724.68063295796
1427.629182643101,1,12,1.263564813145106,318797.40988000546
1605.6166189542892,1,26,5.6255520127304735,301251.92476957454
1124.5381727428667,1,22,7.651603288167664,235295.1232057063
1933.1293812219778,2,7,9.404192073007469,424269.544800976
1475.3546464822293,2,17,0.15823171996820817,277692.5280475485
1835.1887494764383,1,11,5.227601415618698,399963.5076580937
1602.8176039133114,2,22,4.708673562231768,317520.79320650635
1637.0259657461352,5,13,6.56055021975704,374222.520701672
1670.9301840696612,5,1,5.59578854465342,426604.89681164484
1634.3125680051944,2,17,6.870391505824806,364729.2469310339
1692.8168279602633,1,23,6.580825847491903,353967.71878821566
1898.7457590397294,2,1,1.170117248579462,391041.99088686187
1558.956350910441,2,10,7.997179136187196,382637.6314273182
1712.7011272765537,2,8,1.2323257571632484,356991.6581875228
1473.079291713832,3,11,6.985306252091371,390646.19237831864
1932.0351646348417,5,16,4.161453676406067,436437.6246983996
1297.0823093822191,4,14,5.138507345765979,257442.04176833053
2040.2821298732447,4,24,9.032980143757106,409663.81599789707
1487.952614806697,3,16,8.898837264734865,360563.7081219231
1070.7674693645856,2,25,8.178563056550296,263556.1922022847
1538.4313244732368,3,28,5.101483804563233,305517.1213189865
1295.6845027575357,3,25,7.362398101338331,330468.46651374176
1752.1930646966173,1,17,5.1289705551880935,393843.44445514603
1304.2128062092827,5,21,8.696060824747775,327033.8006344184
1366.144970035566,4,5,4.0277583323289985,336656.8645158808
933.1377807163407,2,16,9.702353444148768,249029.9277117823
1364.308104225277,4,22,9.323227582288776,364277.65670290956
772.836202011313,4,23,7.416026194517855,210790.0907097635
1024.829152954283,5,17,2.79415884176072,247195.2578450832
1728.124396843289,4,7,1.316535887932584,395153.5827600537
1735.7400475952497,4,8,8.547034500931975,428630.3876526943
1627.6372685354895,3,5,1.6530228613796127,374780.7717594959
1209.9071570612361,5,4,8.542607889973358,297294.0050005233
1485.6865931574062,1,11,4.907650067123605,321492.6379660483
1498.9192382728295,2,24,4.0655678380810425,313320.49699656584
1152.490593242237,4,28,9.031907788344292,272200.71424912545
1951.019490530145,2,27,6.038509825402779,415579.7761173941
1763.2086871727015,1,10,5.766140071297178,414895.79020240705
1433.710747851101,2,24,5.587659446243976,301444.7894235289
1508.0657516983592,1,0,3.711695160195314,344006.0477548023
1562.5148423842656,3,10,7.856431035291273,398910.41886234056
887.4795394727128,4,18,2.52798444015773,206367.12021416833
1425.846785243821,1,8,9.38894960041275,312344.8410036518
1295.4047256006604,2,26,8.939852050469607,297095.78235423856
1199.5139970315254,4,1,3.3748032567489816,251243.49295408843
1415.6699121342135,3,11,7.294637698316637,287139.83015917224
2039.3059580548568,4,3,5.732231944495915,478682.5922757761
1692.252858380103,1,3,3.376493019992346,313933.62911434495
1328.646303065161,3,17,9.885216479954467,293351.9881642407
1671.7748344068475,2,14,0.25237345848264203,327014.8629035762
